,precision,recall,f1-score,support
East,0.7154596351815062,0.7923,0.7519217993736358,10000.0
West,0.6767818238406473,0.5798666666666666,0.624587103260089,7500.0
accuracy,0.7012571428571429,0.7012571428571429,0.7012571428571429,0.7012571428571429
macro avg,0.6961207295110767,0.6860833333333334,0.6882544513168625,17500.0
weighted avg,0.6988834303211381,0.7012571428571429,0.6973497867535443,17500.0
