,precision,recall,f1-score,support
East,0.7078991246352647,0.7076041666666667,0.707751614919775,9600.0
West,0.6448633603238867,0.6451898734177215,0.6450265755504936,7900.0
accuracy,0.6794285714285714,0.6794285714285714,0.6794285714285714,0.6794285714285714
macro avg,0.6763812424795757,0.676397020042194,0.6763890952351344,17500.0
weighted avg,0.6794429796032712,0.6794285714285714,0.6794357400044995,17500.0
